{
  "Banda Aceh": [
    162.19583129882812,
    115.79582977294922,
    163.63333129882812,
    143.7062530517578,
    176.06459045410156,
    99.90625,
    103.27708435058594,
    115.16041564941406,
    142.4270782470703,
    207.62916564941406,
    237.8541717529297,
    255.56666564941406
  ],
  "Medan": [
    135.0833282470703,
    101.54166412353516,
    159.5500030517578,
    191.88958740234375,
    217.80416870117188,
    182.78334045410156,
    174.44583129882812,
    236.38125610351562,
    320.5229187011719,
    322.76251220703125,
    267.92498779296875,
    211.62734985351562
  ],
  "Padang": [
    277.51251220703125,
    229.23333740234375,
    304.9041748046875,
    328.4645690917969,
    244.59584045410156,
    197.4895782470703,
    182.0437469482422,
    209.49166870117188,
    245.7291717529297,
    335.1354064941406,
    391.9770812988281,
    335.5036315917969
  ],
  "Pekanbaru": [
    188.0437469482422,
    172.2395782470703,
    266.9458312988281,
    277.1479187011719,
    203.1062469482422,
    135.57083129882812,
    140.55624389648438,
    151.2937469482422,
    198.2624969482422,
    278.0562438964844,
    332.3166809082031,
    259.8453063964844
  ],
  "Tanjung Pinang": [
    230.77708435058594,
    123.28541564941406,
    178.39791870117188,
    211.3645782470703,
    197.28334045410156,
    164.8625030517578,
    194.0416717529297,
    184.125,
    162.74166870117188,
    219.5187530517578,
    280.8333435058594,
    345.7122497558594
  ],
  "Jambi": [
    251.8229217529297,
    221.9791717529297,
    300.98748779296875,
    286.10626220703125,
    186.83749389648438,
    124.71041870117188,
    112.3812484741211,
    112.61666870117188,
    139.52291870117188,
    221.76666259765625,
    284.4729309082031,
    278.38751220703125
  ],
  "Palembang": [
    258.4750061035156,
    243.32708740234375,
    335.1166687011719,
    292.1645812988281,
    180.34165954589844,
    128.08958435058594,
    93.67500305175781,
    83.8687515258789,
    96.4000015258789,
    193.25416564941406,
    295.98333740234375,
    331.6112060546875
  ],
  "Bengkulu": [
    317.07916259765625,
    284.4895935058594,
    312.3020935058594,
    299.32916259765625,
    240.9895782470703,
    173.6374969482422,
    164.21875,
    170.02291870117188,
    190.74583435058594,
    303.01873779296875,
    399.6020812988281,
    366.73150634765625
  ],
  "Bandar Lampung": [
    329.5270690917969,
    306.8500061035156,
    275.67498779296875,
    189.0208282470703,
    131.37709045410156,
    114.80000305175781,
    96.32917022705078,
    74.92500305175781,
    88.43541717529297,
    148.16458129882812,
    209.96249389648438,
    280.8109436035156
  ],
  "Pangkal Pinang": [
    292.7520751953125,
    216.52915954589844,
    261.1812438964844,
    262.7229309082031,
    234.17916870117188,
    190.0833282470703,
    151.89166259765625,
    116.80833435058594,
    132.8249969482422,
    200.9791717529297,
    307.9895935058594,
    361.3963623046875
  ],
  "Jakarta": [
    345.7083435058594,
    309.3708190917969,
    245.12083435058594,
    219.49166870117188,
    128.6666717529297,
    101.97083282470703,
    70.91458129882812,
    47.35625076293945,
    64.98542022705078,
    131.4875030517578,
    219.77291870117188,
    214.3684844970703
  ],
  "Serang": [
    326.70001220703125,
    291.89373779296875,
    214.21041870117188,
    193.7687530517578,
    128.86041259765625,
    99.9625015258789,
    76.98332977294922,
    46.38333511352539,
    66.72083282470703,
    123.83541870117188,
    203.18333435058594,
    217.9070281982422
  ],
  "Bandung": [
    281.3041687011719,
    273.48333740234375,
    315.45001220703125,
    263.2749938964844,
    138.0416717529297,
    78.71666717529297,
    50.41041564941406,
    37.68541717529297,
    74.5625,
    173.54791259765625,
    309.7250061035156,
    313.7572937011719
  ],
  "Semarang": [
    388.5395812988281,
    316.0416564941406,
    253.2708282470703,
    189.5124969482422,
    106.19166564941406,
    74.68958282470703,
    42.45624923706055,
    21.475000381469727,
    50.0625,
    124.36458587646484,
    229.63333129882812,
    309.7716064453125
  ],
  "Yogyakarta": [
    361.8062438964844,
    346.61041259765625,
    322.5583190917969,
    219.38333129882812,
    118.55416870117188,
    72.04582977294922,
    32.90833282470703,
    21.85416603088379,
    46.59583282470703,
    126.9312515258789,
    272.73126220703125,
    337.8510437011719
  ],
  "Surabaya": [
    307.39373779296875,
    300.48541259765625,
    250.61874389648438,
    169.65415954589844,
    87.54582977294922,
    61.03541564941406,
    23.337499618530273,
    6.177083492279053,
    15.627083778381348,
    55.43958282470703,
    141.02708435058594,
    252.90052795410156
  ],
  "Denpasar": [
    316.9895935058594,
    254.50625610351562,
    198.29791259765625,
    109.32917022705078,
    75.25416564941406,
    53.15416717529297,
    50.24166488647461,
    22.487499237060547,
    48.25,
    91.87916564941406,
    160.72291564941406,
    262.42474365234375
  ],
  "Mataram": [
    334.14373779296875,
    291.5687561035156,
    262.7833251953125,
    154.90625,
    81.13957977294922,
    43.775001525878906,
    28.91666603088379,
    13.612500190734863,
    26.629167556762695,
    88.43541717529297,
    207.42291259765625,
    300.8184814453125
  ],
  "Kupang": [
    345.8541564941406,
    309.0979309082031,
    207.40625,
    81.7750015258789,
    25.99791717529297,
    12.897916793823242,
    5.8770833015441895,
    2.620833396911621,
    5.416666507720947,
    25.991666793823242,
    120.1624984741211,
    273.4945373535156
  ],
  "Pontianak": [
    301.2833251953125,
    245.7937469482422,
    244.4583282470703,
    280.59375,
    257.8458251953125,
    182.59165954589844,
    172.2604217529297,
    172.7708282470703,
    218.64999389648438,
    293.8479309082031,
    341.88958740234375,
    340.4237060546875
  ],
  "Palangkaraya": [
    266.2562561035156,
    268.8708190917969,
    287.86248779296875,
    282.8791809082031,
    202.3625030517578,
    134.86041259765625,
    94.57707977294922,
    88.12916564941406,
    113.40208435058594,
    185.86666870117188,
    267.9395751953125,
    282.56329345703125
  ],
  "Banjarmasin": [
    335.3958435058594,
    301.86041259765625,
    297.8083190917969,
    252.5520782470703,
    165.21875,
    119.50208282470703,
    89.78958129882812,
    70.83333587646484,
    84.06041717529297,
    158.5437469482422,
    268.6458435058594,
    351.8393249511719
  ],
  "Samarinda": [
    205.46458435058594,
    163.5812530517578,
    215.3874969482422,
    214.71249389648438,
    191.47500610351562,
    157.85208129882812,
    122.85624694824219,
    114.65208435058594,
    133.58958435058594,
    162.37290954589844,
    200.1979217529297,
    223.46588134765625
  ],
  "Tanjung Selor": [
    253.40625,
    205.7916717529297,
    232.75209045410156,
    205.74583435058594,
    246.10208129882812,
    217.71458435058594,
    219.40625,
    232.25833129882812,
    230.58541870117188,
    270.04376220703125,
    259.3666687011719,
    280.2710876464844
  ],
  "Manado": [
    353.8395690917969,
    302.4354248046875,
    269.23126220703125,
    234.00416564941406,
    251.97291564941406,
    248.41458129882812,
    178.5520782470703,
    115.26249694824219,
    139.9895782470703,
    210.54583740234375,
    293.8395690917969,
    332.9216003417969
  ],
  "Palu": [
    157.65834045410156,
    131.88125610351562,
    140.6354217529297,
    147.55833435058594,
    172.7604217529297,
    189.16041564941406,
    181.75,
    157.62083435058594,
    154.4895782470703,
    138.8625030517578,
    157.95416259765625,
    129.23228454589844
  ],